{"name":"eecfd13a-59af-442a-84a3-cf3d631294ae","id":"/providers/Microsoft.Flow/flows/eecfd13a-59af-442a-84a3-cf3d631294ae","type":"Microsoft.Flow/flows","properties":{"apiId":"/providers/Microsoft.PowerApps/apis/shared_logicflows","displayName":"PowerApp_CreateWorkItemAdvanced","definition":{"metadata":{"workflowEntityId":null,"creator":{"id":"6fe4f537-43ce-4691-9946-32600d464dee","type":"User","tenantId":"bc96202e-1562-4512-aaba-ada472542374"},"provisioningMethod":"FromDefinition","failureAlertSubscription":false,"clientLastModifiedTime":"2020-01-22T00:40:18.7347386Z"},"$schema":"https://schema.management.azure.com/providers/Microsoft.Logic/schemas/2016-06-01/workflowdefinition.json#","contentVersion":"1.0.0.0","parameters":{"$connections":{"defaultValue":{},"type":"Object"},"$authentication":{"defaultValue":{},"type":"SecureObject"}},"triggers":{"manual":{"type":"Request","kind":"PowerApp","inputs":{"schema":{"type":"object","properties":{"getParamJSON_Value":{"type":"string","description":"Enter initial value","x-ms-powerflows-param-ispartial":false},"getParamWorkItemTitle_Value":{"type":"string","description":"Enter initial value","x-ms-powerflows-param-ispartial":false},"getParamWorkItemDescription_Value":{"type":"string","description":"Enter initial value","x-ms-powerflows-param-ispartial":false}},"required":["getParamJSON_Value","getParamWorkItemTitle_Value","getParamWorkItemDescription_Value"]}}}},"actions":{"Parse_JSON":{"runAfter":{"getParamWorkItemDescription":["Succeeded"]},"type":"ParseJson","inputs":{"content":"@variables('JSON-request')","schema":{"type":"array","items":{"type":"object","properties":{"Image":{"type":"string"},"Imagename":{"type":"string"},"Name":{"type":"string"}},"required":["Image","Imagename","Name"]}}}},"Apply_to_each":{"foreach":"@body('Parse_JSON')","actions":{"Create_blob":{"runAfter":{"Set_variable_current_file_name":["Succeeded"]},"metadata":{"flowSystemMetadata":{"swaggerOperationId":"CreateFile"}},"type":"ApiConnection","inputs":{"host":{"connection":{"name":"@json(decodeBase64(triggerOutputs().headers['X-MS-APIM-Tokens']))['$connections']['shared_azureblob']['connectionId']"},"api":{"runtimeUrl":"https://europe-002.azure-apim.net/apim/azureblob"}},"method":"post","body":"@base64ToBinary(base64(decodeDataUri(item()['image'])))","headers":{"Content-Type":"image/jpeg"},"path":"/datasets/default/files","queries":{"folderPath":"/flowcontainer","name":"@variables('currentFIleName')","queryParametersSingleEncoded":true},"authentication":{"type":"Raw","value":"@json(decodeBase64(triggerOutputs().headers['X-MS-APIM-Tokens']))['$ConnectionKey']"}},"runtimeConfiguration":{"contentTransfer":{"transferMode":"Chunked"}}},"Set_variable_current_file_name":{"runAfter":{},"type":"SetVariable","inputs":{"name":"currentFIleName","value":"@{formatDateTime(utcnow(),'yyyyMMdd_hhmmssms_')}@{GUID()}"}},"Compose_all_files_attached":{"runAfter":{"Create_blob":["Succeeded"]},"type":"Compose","inputs":"@concat(variables('allFilesAttached'), ' <a href=  ', variables('currentBlobAddress'), variables('currentFIleName'), ' > img', variables('InrementationIndex'), '</a> ')"},"Set_variable_all_files_attached":{"runAfter":{"Compose_all_files_attached":["Succeeded"]},"type":"SetVariable","inputs":{"name":"allFilesAttached","value":"@{outputs('Compose_all_files_attached')}"}},"Increment_variable":{"runAfter":{"Set_variable":["Succeeded"]},"type":"IncrementVariable","inputs":{"name":"InrementationIndex","value":1}},"Compose_allImagesEmbeded":{"runAfter":{"Set_variable_all_files_attached":["Succeeded"]},"type":"Compose","inputs":"@concat(variables('allImagesEmbeded'), ' <img src=', variables('currentBlobAddress'), variables('currentFIleName'), '>')"},"Set_variable":{"runAfter":{"Compose_allImagesEmbeded":["Succeeded"]},"type":"SetVariable","inputs":{"name":"allImagesEmbeded","value":"@{outputs('Compose_allImagesEmbeded')}"}}},"runAfter":{"Initialize_variable_InrementationIndex":["Succeeded"]},"type":"Foreach"},"getParamJSON":{"runAfter":{},"type":"InitializeVariable","inputs":{"variables":[{"name":"JSON-request","type":"String","value":"@triggerBody()['getParamJSON_Value']"}]}},"Initialize_variable_currentFIleName":{"runAfter":{"Parse_JSON":["Succeeded"]},"type":"InitializeVariable","inputs":{"variables":[{"name":"currentFIleName","type":"String"}]}},"Initialize_variable_currentBlobAddress":{"runAfter":{"Initialize_variable_currentFIleName":["Succeeded"]},"type":"InitializeVariable","inputs":{"variables":[{"name":"currentBlobAddress","type":"String","value":"https://storageaccountpowerab76.blob.core.windows.net/flowcontainer/"}]}},"getParamWorkItemTitle":{"runAfter":{"Initialize_variable_FlowExecutionStatus":["Succeeded"]},"type":"InitializeVariable","inputs":{"variables":[{"name":"workItemTItle","type":"String","value":"@triggerBody()['getParamWorkItemTitle_Value']"}]}},"getParamWorkItemDescription":{"runAfter":{"getParamWorkItemTitle":["Succeeded"]},"type":"InitializeVariable","inputs":{"variables":[{"name":"workItemDescription","type":"String","value":"@triggerBody()['getParamWorkItemDescription_Value']"}]}},"Initialize_variable_all_files_attached":{"runAfter":{"Initialize_variable_currentBlobAddress":["Succeeded"]},"type":"InitializeVariable","inputs":{"variables":[{"name":"allFilesAttached","type":"String"}]}},"Create_a_work_item":{"runAfter":{"Initialize_variable_description_including_links":["Succeeded"]},"metadata":{"flowSystemMetadata":{"swaggerOperationId":"CreateWorkItem"}},"type":"ApiConnection","inputs":{"host":{"connection":{"name":"@json(decodeBase64(triggerOutputs().headers['X-MS-APIM-Tokens']))['$connections']['shared_visualstudioteamservices']['connectionId']"},"api":{"runtimeUrl":"https://europe-002.azure-apim.net/apim/visualstudioteamservices"}},"method":"patch","body":{"title":"@variables('workItemTItle')","description":"@variables('DescriptionIncludingLinks')"},"path":"/@{encodeURIComponent('ppswarsaw')}/_apis/wit/workitems/$@{encodeURIComponent('Issue')}","queries":{"account":"ppswarsaw"},"authentication":{"type":"Raw","value":"@json(decodeBase64(triggerOutputs().headers['X-MS-APIM-Tokens']))['$ConnectionKey']"}}},"Initialize_variable_description_including_links":{"runAfter":{"Apply_to_each":["Succeeded"]},"type":"InitializeVariable","inputs":{"variables":[{"name":"DescriptionIncludingLinks","type":"String","value":"<h1>Customer input</h1>@{variables('workItemDescription')}\n\n<br/><h1>Attachments links</h1><p>@{variables('allFilesAttached')}</p>\n\n<br/><h1>Attachments</h1><p>@{variables('allImagesEmbeded')}</p>"}]}},"Initialize_variable_InrementationIndex":{"runAfter":{"Initialize_variable_allImagesEmbeded":["Succeeded"]},"type":"InitializeVariable","inputs":{"variables":[{"name":"InrementationIndex","type":"Integer","value":1}]}},"Initialize_variable_allImagesEmbeded":{"runAfter":{"Initialize_variable_all_files_attached":["Succeeded"]},"type":"InitializeVariable","inputs":{"variables":[{"name":"allImagesEmbeded","type":"String"}]}},"Initialize_variable_FlowExecutionStatus":{"runAfter":{"getParamJSON":["Succeeded"]},"type":"InitializeVariable","inputs":{"variables":[{"name":"FlowExecutionStatus","type":"String","value":"Error"}]}},"Set_variable_flow_execution_status_=_succeded":{"runAfter":{"Create_a_work_item":["Succeeded"]},"type":"SetVariable","inputs":{"name":"FlowExecutionStatus","value":"succeded"}},"Respond_to_a_PowerApp_or_flow":{"runAfter":{"Set_variable_flow_execution_status_=_succeded":["Succeeded","Failed","Skipped","TimedOut"]},"type":"Response","kind":"PowerApp","inputs":{"statusCode":200,"body":{"flowexecutionstatus":"@variables('FlowExecutionStatus')"},"schema":{"type":"object","properties":{"flowexecutionstatus":{"title":"FlowExecutionStatus","x-ms-dynamically-added":true,"type":"string"}}}}}},"outputs":{}},"connectionReferences":{"shared_azureblob":{"connectionName":"shared-azureblob-37bd3ee6-53c7-4324-b175-9774919915ae","source":"Invoker","id":"/providers/Microsoft.PowerApps/apis/shared_azureblob","tier":"NotSpecified"},"shared_visualstudioteamservices":{"connectionName":"f146c2718d8541c4bf78328afc1d5eb0","source":"Invoker","id":"/providers/Microsoft.PowerApps/apis/shared_visualstudioteamservices","tier":"NotSpecified"}},"flowFailureAlertSubscribed":false}}