{"schemaVersion":"1.0","appDefinitionTemplate":{"id":"/providers/Microsoft.PowerApps/apps/","type":"Microsoft.PowerApps/apps","tags":{"minimumRequiredApiVersion":"2.2.0"},"properties":{"appVersion":"2020-01-20T20:55:10Z","lifeCycleId":"Published","createdByClientVersion":{"major":3,"minor":19123,"build":15,"revision":0,"majorRevision":0,"minorRevision":0},"minClientVersion":{"major":3,"minor":19123,"build":15,"revision":0,"majorRevision":0,"minorRevision":0},"backgroundColor":"rgba(0, 176, 240, 1)","backgroundImageUri":"/18346395442371282235/N53c03510-2378-4f08-9462-57e556440ca6-logoSmallFile","displayName":"ERPDetails","description":"","commitMessage":"","appUris":{"documentUri":{"value":"/18346395442371282235/Ne29faa9a-17d0-434e-bf1b-50df0877f75b-document.msapp","readonlyValue":"/18346395442371282235/Ne29faa9a-17d0-434e-bf1b-50df0877f75b-document.msapp"},"imageUris":[]},"createdTime":"0001-01-01T00:00:00Z","lastModifiedTime":"0001-01-01T00:00:00Z","sharedGroupsCount":0,"sharedUsersCount":0,"icons":{"smallIconUri":"/18346395442371282235/Nad5d9d71-1c27-4b06-8837-e8acb601beb4-small.png","mediumIconUri":"/18346395442371282235/Nf76264fb-03df-4792-afb3-aa6e1173d003-medium.png","largeIconUri":"/18346395442371282235/N4534114c-c062-4a77-ac96-ef0ee3a57794-large.png","wideIconUri":"/18346395442371282235/Nc7793cae-14d0-4dfc-9a32-4b9b3a11fae8-wide.png"},"connectionReferences":{"aaa63666-e699-4426-ae5e-848c2c8d1d89":{"id":"3d79371b-09a0-4dfd-a215-d172b3699956","displayName":"SQL Server","iconUri":"https://connectoricons-prod.azureedge.net/sql/icon_1.0.1298.1845.png","dataSources":["[powerapp].[Sales]"],"dependencies":[],"dependents":[],"parameterHints":{},"isOnPremiseConnection":false,"sharedConnectionId":"3a674f6f-7159-44d5-88fb-31f43ae05d76","bypassConsent":false,"dataSets":{"default":{"dataSources":{"[powerapp].[Sales]":{"tableName":"[powerapp].[Sales]"}}}},"apiTier":"Premium","isCustomApiConnection":false}},"databaseReferences":{},"almMode":"Environment","performanceOptimizationEnabled":false},"isAppComponentLibrary":false,"appComponents":[]}}