{"schemaVersion":"1.0","appDefinitionTemplate":{"id":"/providers/Microsoft.PowerApps/apps/","type":"Microsoft.PowerApps/apps","tags":{"minimumRequiredApiVersion":"2.2.0"},"properties":{"appVersion":"2020-01-24T23:21:06Z","lifeCycleId":"Published","createdByClientVersion":{"major":3,"minor":19123,"build":15,"revision":0,"majorRevision":0,"minorRevision":0},"minClientVersion":{"major":3,"minor":19123,"build":15,"revision":0,"majorRevision":0,"minorRevision":0},"backgroundColor":"rgba(0, 176, 240, 1)","backgroundImageUri":"/411269699032036896/N7df0e2e9-34a9-4eb6-9268-3420471ec948-logoSmallFile","displayName":"CustomGroups","description":"","commitMessage":"","appUris":{"documentUri":{"value":"/411269699032036896/N47d11b29-a873-41d2-8432-1d004c09d7a5-document.msapp","readonlyValue":"/411269699032036896/N47d11b29-a873-41d2-8432-1d004c09d7a5-document.msapp"},"imageUris":[]},"createdTime":"0001-01-01T00:00:00Z","lastModifiedTime":"0001-01-01T00:00:00Z","sharedGroupsCount":0,"sharedUsersCount":0,"icons":{"smallIconUri":"/411269699032036896/Nd60d1a11-83a4-4aeb-bbed-1027490e1d2f-small.png","mediumIconUri":"/411269699032036896/N85729f4a-23c8-4d20-b036-101581d23ef3-medium.png","largeIconUri":"/411269699032036896/N05a688c1-4981-441c-baca-7d97b9bd291a-large.png","wideIconUri":"/411269699032036896/N5c4b238d-6405-48bd-acd3-208801a741e7-wide.png"},"connectionReferences":{"2b85375e-9c71-463b-bd4c-372fc68fb830":{"id":"34fe58f6-8442-4802-a12d-bf6c93ee3802","displayName":"Logic flows","iconUri":"https://resourcestackdeploy.blob.core.windows.net/scripts/13276078.png","dataSources":["FlowPowerAppToFunction"],"dependencies":[],"dependents":[],"parameterHints":{"workflowName":{"value":"44968aea-ac76-431b-8058-fd69da18b909"}},"isOnPremiseConnection":false,"bypassConsent":false,"dataSets":{},"apiTier":"Standard","isCustomApiConnection":false},"668dc021-ad3b-4d90-9c41-7eee71d3e8da":{"id":"3d79371b-09a0-4dfd-a215-d172b3699956","displayName":"SQL Server","iconUri":"https://connectoricons-prod.azureedge.net/sql/icon_1.0.1299.1858.png","dataSources":["[powerapp].[CustomAccountGroup]","[powerapp].[CustomAccountGroupMapAccount]","[powerapp].[vCustomAccountGroupMapAccount]","[powerapp].[AccountsDictionary]"],"dependencies":[],"dependents":[],"parameterHints":{},"isOnPremiseConnection":false,"sharedConnectionId":"3a674f6f-7159-44d5-88fb-31f43ae05d76","bypassConsent":false,"dataSets":{"powerup-bi-with-powerapps-dev-sqlserv.database.windows.net,powerappdb-dev":{"dataSources":{"[powerapp].[CustomAccountGroup]":{"tableName":"[powerapp].[CustomAccountGroup]"},"[powerapp].[CustomAccountGroupMapAccount]":{"tableName":"[powerapp].[CustomAccountGroupMapAccount]"},"[powerapp].[vCustomAccountGroupMapAccount]":{"tableName":"[powerapp].[vCustomAccountGroupMapAccount]"},"[powerapp].[AccountsDictionary]":{"tableName":"[powerapp].[AccountsDictionary]"}}}},"apiTier":"Premium","isCustomApiConnection":false}},"databaseReferences":{},"almMode":"Environment","performanceOptimizationEnabled":false,"canConsumeAppPass":true},"isAppComponentLibrary":false,"appComponents":[]}}