{"schemaVersion":"1.0","appDefinitionTemplate":{"id":"/providers/Microsoft.PowerApps/apps/","type":"Microsoft.PowerApps/apps","tags":{"minimumRequiredApiVersion":"2.2.0"},"properties":{"appVersion":"2020-01-24T23:46:15Z","lifeCycleId":"Published","createdByClientVersion":{"major":3,"minor":19123,"build":15,"revision":0,"majorRevision":0,"minorRevision":0},"minClientVersion":{"major":3,"minor":19123,"build":15,"revision":0,"majorRevision":0,"minorRevision":0},"backgroundColor":"rgba(0, 176, 240, 1)","backgroundImageUri":"/5648150932795088629/Na8646ee4-fdd8-4ff2-9d78-c9a2b4ddc634-logoSmallFile","displayName":"Closing period","description":"","commitMessage":"","appUris":{"documentUri":{"value":"/5648150932795088629/Ne38384c8-9e43-46ee-8efe-8a1c06eb5c78-document.msapp","readonlyValue":"/5648150932795088629/Ne38384c8-9e43-46ee-8efe-8a1c06eb5c78-document.msapp"},"imageUris":[]},"createdTime":"0001-01-01T00:00:00Z","lastModifiedTime":"0001-01-01T00:00:00Z","sharedGroupsCount":0,"sharedUsersCount":0,"icons":{"smallIconUri":"/5648150932795088629/Nfa8b59c6-3306-4c4e-9dcd-1275bbd35bb0-small.png","mediumIconUri":"/5648150932795088629/N2e6fd8ec-722b-443f-802d-b7f80d5f5bff-medium.png","largeIconUri":"/5648150932795088629/N896cd6cd-2850-41a2-8641-fdfab33eeedc-large.png","wideIconUri":"/5648150932795088629/Ncd0c5fba-4edb-443d-a087-ef8c12539f6d-wide.png"},"connectionReferences":{"14859042-e8ca-4296-89c8-b7db31e1935a":{"id":"3d79371b-09a0-4dfd-a215-d172b3699956","displayName":"SQL Server","iconUri":"https://connectoricons-prod.azureedge.net/sql/icon_1.0.1299.1858.png","dataSources":["[powerapp].[FiscalPeriod]"],"dependencies":[],"dependents":[],"parameterHints":{},"isOnPremiseConnection":false,"sharedConnectionId":"3a674f6f-7159-44d5-88fb-31f43ae05d76","bypassConsent":false,"dataSets":{"default":{"dataSources":{"[powerapp].[FiscalPeriod]":{"tableName":"[powerapp].[FiscalPeriod]"}}}},"apiTier":"Premium","isCustomApiConnection":false}},"databaseReferences":{},"almMode":"Environment","performanceOptimizationEnabled":false},"isAppComponentLibrary":false,"appComponents":[]}}