{"name":"9a8b2fc9-d5e6-42b9-8351-9200cbf7c059","id":"/providers/Microsoft.Flow/flows/9a8b2fc9-d5e6-42b9-8351-9200cbf7c059","type":"Microsoft.Flow/flows","properties":{"apiId":"/providers/Microsoft.PowerApps/apis/shared_logicflows","displayName":"FlowPowerAppToFunction","definition":{"metadata":{"workflowEntityId":null,"creator":{"id":"6fe4f537-43ce-4691-9946-32600d464dee","type":"User","tenantId":"bc96202e-1562-4512-aaba-ada472542374"},"provisioningMethod":"FromDefinition","failureAlertSubscription":true,"clientLastModifiedTime":"2020-01-19T16:54:44.9925026Z"},"$schema":"https://schema.management.azure.com/providers/Microsoft.Logic/schemas/2016-06-01/workflowdefinition.json#","contentVersion":"1.0.0.0","parameters":{"$authentication":{"defaultValue":{},"type":"SecureObject"}},"triggers":{"manual":{"type":"Request","kind":"PowerApp","inputs":{"schema":{"type":"object","properties":{},"required":[]}}}},"actions":{"HTTP":{"runAfter":{},"type":"Http","inputs":{"method":"GET","uri":"https://powerupbipowerappsdev.azurewebsites.net/api/PowerupDemoFunction?code=aiGTteeXx1O9vnpd1qIiqiUa8bWWVuSWQp7FrZTseTcja7K9SCt6Kg==","retryPolicy":{"type":"none"}}},"Respond_to_a_PowerApp_or_flow":{"runAfter":{"Parse_JSON":["Succeeded"]},"type":"Response","kind":"PowerApp","inputs":{"statusCode":200,"body":{"functionstatus":"@{body('Parse_JSON')?['FunctionStatus']}","adfstatus":"@{body('Parse_JSON')?['ADFPipelineStatus']?['ADFStatus']}","adfmessage":"@body('Parse_JSON')?['ADFPipelineStatus']?['ADFMessage']","tabularstatus":"@{body('Parse_JSON')?['TabularProcessingStatus']?['TabularStatus']}","tabularmessage":"@body('Parse_JSON')?['TabularProcessingStatus']?['TabularMessage']"},"schema":{"type":"object","properties":{"functionstatus":{"title":"FunctionStatus","x-ms-dynamically-added":true,"type":"string"},"adfstatus":{"title":"ADFStatus","x-ms-dynamically-added":true,"type":"string"},"adfmessage":{"title":"ADFMessage","x-ms-dynamically-added":true,"type":"string"},"tabularstatus":{"title":"TabularStatus","x-ms-dynamically-added":true,"type":"string"},"tabularmessage":{"title":"TabularMessage","x-ms-dynamically-added":true,"type":"string"}}}}},"Parse_JSON":{"runAfter":{"HTTP":["Succeeded"]},"type":"ParseJson","inputs":{"content":"@body('HTTP')","schema":{"type":"object","properties":{"FunctionStatus":{"type":"boolean"},"ADFPipelineStatus":{"type":"object","properties":{"ADFStatus":{"type":"boolean"},"ADFMessage":{"type":"string"}}},"TabularProcessingStatus":{"type":"object","properties":{"TabularStatus":{"type":"boolean"},"TabularMessage":{"type":"string"}}}}}}}}},"connectionReferences":{},"flowFailureAlertSubscribed":false}}