{"schemaVersion":"1.0","appDefinitionTemplate":{"id":"/providers/Microsoft.PowerApps/apps/","type":"Microsoft.PowerApps/apps","tags":{"minimumRequiredApiVersion":"2.2.0"},"properties":{"appVersion":"2020-01-22T01:10:11Z","lifeCycleId":"Published","createdByClientVersion":{"major":3,"minor":19123,"build":15,"revision":0,"majorRevision":0,"minorRevision":0},"minClientVersion":{"major":3,"minor":19123,"build":15,"revision":0,"majorRevision":0,"minorRevision":0},"backgroundColor":"rgba(0, 176, 240, 1)","backgroundImageUri":"/1435157194132531089/Nb53c58b4-7708-4097-a227-bbd55ef02456-logoSmallFile","displayName":"PowerBI","description":"","commitMessage":"","appUris":{"documentUri":{"value":"/1435157194132531089/N588ff5c9-5548-49c0-9af1-a7cdf412d2c6-document.msapp","readonlyValue":"/1435157194132531089/N588ff5c9-5548-49c0-9af1-a7cdf412d2c6-document.msapp"},"imageUris":[]},"createdTime":"0001-01-01T00:00:00Z","lastModifiedTime":"0001-01-01T00:00:00Z","sharedGroupsCount":0,"sharedUsersCount":0,"icons":{"smallIconUri":"/1435157194132531089/N57cc6ba5-a3a7-4cd2-8341-7ea9ae08130a-small.png","mediumIconUri":"/1435157194132531089/N646edc2a-d3b9-4ad7-88a1-037d2a168711-medium.png","largeIconUri":"/1435157194132531089/N2ee51b9c-3020-40f9-8b48-bb3e09e1f168-large.png","wideIconUri":"/1435157194132531089/N166bab99-ee47-4887-bab1-e8803acde31f-wide.png"},"connectionReferences":{"f2867a64-4d22-4f3e-a2b5-a77573baf1a6":{"id":"3d79371b-09a0-4dfd-a215-d172b3699956","displayName":"SQL Server","iconUri":"https://connectoricons-prod.azureedge.net/sql/icon_1.0.1299.1858.png","dataSources":["[powerapp].[Sales]"],"dependencies":[],"dependents":[],"parameterHints":{},"isOnPremiseConnection":false,"sharedConnectionId":"3a674f6f-7159-44d5-88fb-31f43ae05d76","bypassConsent":false,"dataSets":{"default":{"dataSources":{"[powerapp].[Sales]":{"tableName":"[powerapp].[Sales]"}}}},"apiTier":"Premium","isCustomApiConnection":false}},"authorizationReferences":[{"resourceId":"powerbi"}],"databaseReferences":{},"almMode":"Environment","performanceOptimizationEnabled":false},"isAppComponentLibrary":false,"appComponents":[]}}