{"schemaVersion":"1.0","appDefinitionTemplate":{"id":"/providers/Microsoft.PowerApps/apps/","type":"Microsoft.PowerApps/apps","tags":{"minimumRequiredApiVersion":"2.2.0"},"properties":{"appVersion":"2020-01-24T23:35:25Z","lifeCycleId":"Published","createdByClientVersion":{"major":3,"minor":19123,"build":15,"revision":0,"majorRevision":0,"minorRevision":0},"minClientVersion":{"major":3,"minor":19123,"build":15,"revision":0,"majorRevision":0,"minorRevision":0},"backgroundColor":"rgba(0, 176, 240, 1)","backgroundImageUri":"/12160712269898587107/N747f8404-f5b5-4912-8f0d-eb18036c704e-logoSmallFile","displayName":"MasterApp","description":"","commitMessage":"","appUris":{"documentUri":{"value":"/12160712269898587107/Nfb3ceb9c-b96b-41f9-b59c-13c377ba58b6-document.msapp","readonlyValue":"/12160712269898587107/Nfb3ceb9c-b96b-41f9-b59c-13c377ba58b6-document.msapp"},"imageUris":[]},"createdTime":"0001-01-01T00:00:00Z","lastModifiedTime":"0001-01-01T00:00:00Z","sharedGroupsCount":0,"sharedUsersCount":0,"icons":{"smallIconUri":"/12160712269898587107/N8d7def15-f9f3-4765-80f4-818751647a68-small.png","mediumIconUri":"/12160712269898587107/N50c2b99b-c443-4398-b230-a67f135ebeea-medium.png","largeIconUri":"/12160712269898587107/Nc62d555c-0712-495c-971f-8e11e0aecaa7-large.png","wideIconUri":"/12160712269898587107/Nf19e39bd-1c82-4888-badd-3a0f6e44d06d-wide.png"},"connectionReferences":{},"databaseReferences":{},"almMode":"Environment","performanceOptimizationEnabled":false},"isAppComponentLibrary":false,"appComponents":[]}}