{"schemaVersion":"1.0","appDefinitionTemplate":{"id":"/providers/Microsoft.PowerApps/apps/","type":"Microsoft.PowerApps/apps","tags":{"minimumRequiredApiVersion":"2.2.0"},"properties":{"appVersion":"2020-02-02T17:24:08Z","lifeCycleId":"Published","createdByClientVersion":{"major":3,"minor":20013,"build":29,"revision":0,"majorRevision":0,"minorRevision":0},"minClientVersion":{"major":3,"minor":20013,"build":29,"revision":0,"majorRevision":0,"minorRevision":0},"backgroundColor":"rgba(0, 176, 240, 1)","backgroundImageUri":"/7092026350910295423/N9059d74d-4a4b-4b21-9101-67ffa7e813b7-logoSmallFile","displayName":"CreateWorkItemAdvanced","description":"","commitMessage":"","appUris":{"documentUri":{"value":"/7092026350910295423/Nbc65c9da-132a-4c29-9660-b337b0ad194a-document.msapp","readonlyValue":"/7092026350910295423/Nbc65c9da-132a-4c29-9660-b337b0ad194a-document.msapp"},"imageUris":[]},"createdTime":"0001-01-01T00:00:00Z","lastModifiedTime":"0001-01-01T00:00:00Z","sharedGroupsCount":0,"sharedUsersCount":0,"icons":{"smallIconUri":"/7092026350910295423/N9b91d40d-95c7-465f-b827-51f54464442e-small.png","mediumIconUri":"/7092026350910295423/N2cdd75ab-320f-49e7-9ba5-b45987a1ee36-medium.png","largeIconUri":"/7092026350910295423/Nac302ddb-933f-4003-84af-829e680797d2-large.png","wideIconUri":"/7092026350910295423/Nfe1738ee-88ed-4d9c-9f80-b3b002f63532-wide.png"},"connectionReferences":{"b5ebdfda-cce8-42e4-b0ca-87fc7a72a61b":{"id":"3f8a117a-dee9-4894-8f56-877b238f876e","displayName":"Azure DevOps","iconUri":"https://connectoricons-prod.azureedge.net/vsts/icon_1.0.1302.1868.png","dataSources":[],"dependencies":[],"dependents":["6c2fede3-5c7f-4569-90c8-49907622171e"],"parameterHints":{},"isOnPremiseConnection":false,"bypassConsent":false,"dataSets":{},"apiTier":"Premium","isCustomApiConnection":false},"ca8232bc-0373-4b57-8d7e-58156379be4e":{"id":"6f58c794-1851-4142-abaf-94618c0e8822","displayName":"Azure Blob Storage","iconUri":"https://connectoricons-prod.azureedge.net/azureblob/icon_1.0.1302.1868.png","dataSources":[],"dependencies":[],"dependents":["6c2fede3-5c7f-4569-90c8-49907622171e"],"parameterHints":{},"isOnPremiseConnection":false,"sharedConnectionId":"7bd84709-e07c-4660-8536-f8b147b36974","bypassConsent":false,"dataSets":{},"apiTier":"Premium","isCustomApiConnection":false},"6c2fede3-5c7f-4569-90c8-49907622171e":{"id":"34fe58f6-8442-4802-a12d-bf6c93ee3802","displayName":"Logic flows","iconUri":"https://resourcestackdeploy.blob.core.windows.net/scripts/13276078.png","dataSources":["PowerApp_CreateWorkItemAdvanced"],"dependencies":["ca8232bc-0373-4b57-8d7e-58156379be4e","b5ebdfda-cce8-42e4-b0ca-87fc7a72a61b"],"dependents":[],"parameterHints":{"workflowName":{"value":"5e781451-ee37-4adb-963f-f17e0688bab6"},"ca8232bc-0373-4b57-8d7e-58156379be4e":{"value":"shared_azureblob"},"b5ebdfda-cce8-42e4-b0ca-87fc7a72a61b":{"value":"shared_visualstudioteamservices"}},"isOnPremiseConnection":false,"bypassConsent":false,"dataSets":{},"apiTier":"Standard","isCustomApiConnection":false}},"databaseReferences":{},"almMode":"Environment","performanceOptimizationEnabled":false,"canConsumeAppPass":true},"isAppComponentLibrary":false,"appComponents":[]}}